train_points,gpu_memory,time,train_mse_max,train_mse_tot,train_mse_avg,test_mse_noisy_max,test_mse_noisy_tot,test_mse_noisy_avg,test_mse_exact_max,test_mse_exact_tot,test_mse_exact_avg,train_mape_max,train_mape_tot,train_mape_avg,test_mape_noisy_max,test_mape_noisy_tot,test_mape_noisy_avg,test_mape_exact_max,test_mape_exact_tot,test_mape_exact_avg,test_mape_exact_uncorrected_max,test_mape_exact_uncorrected_tot,test_mape_exact_uncorrected_avg
500,0.0,0.21815896034240723,0.0015931578308695888,76333680910568.52,6.483506553553219e-05,0.001007114774765918,44140071878783.33,5.402108081411081e-05,0.00015514497361457063,29027494316843.07,1.2136191704535696e-05,0.10780449206181539,0.10678500507758797,0.10649988782800605,0.13329971335012186,0.13567164132479284,0.13354504826422653,0.05355615457350638,0.06027033646984348,0.05490888657900831,0.05446860406126777,0.05992900960823624,0.055475545585544565
1000,0.0,0.36705660820007324,0.0015739725810378924,88062690000716.92,6.360596756817261e-05,0.0011269198962479343,64835330990153.57,6.241212513233498e-05,0.0004221162107013572,51401430456400.7,1.839477202623261e-05,0.11284292205618972,0.11304146394780462,0.11236344750380411,0.1292264438942238,0.13497648980528879,0.13216148481204232,0.042346749156995385,0.04762241816280928,0.04348481395590096,0.04327502889231985,0.04846512757279548,0.04472738330282284
1500,0.0,0.5852832794189453,0.0014352881743907341,77356959461130.12,6.0904874310357645e-05,0.0009231128212983614,49961246639784.195,4.9229005371109305e-05,0.00036972956949555234,40014666594640.445,1.722854796452075e-05,0.11585584053712285,0.11577447889044223,0.11524340314930055,0.12326340093950434,0.12606002908550124,0.12430901615552625,0.030437395562992398,0.035574092592968655,0.032015070806911496,0.03076396839391428,0.035637026893751284,0.03244615235149067
2000,0.0,0.878591775894165,0.0013222314844804472,65144374975026.49,5.629507244859794e-05,0.0008676675409961763,47058067471766.49,4.573503333013746e-05,0.0003030456218499514,36969381982673.695,1.450468862595973e-05,0.11730105828975726,0.11718061720026537,0.11678574703526526,0.12394729096407409,0.12610245514905427,0.12475750132645724,0.027760145831415478,0.031962733766579744,0.02973950909495238,0.02911252053344573,0.03295843197691516,0.030982504188973168
2500,0.0,1.2459580898284912,0.0014347242528240265,75375349207559.34,6.056640420949343e-05,0.0009445540976085109,43248086911062.164,4.91529135306253e-05,0.0002551138181269738,25234239774916.125,1.1321187601860986e-05,0.11854026845126996,0.1183923376842762,0.11800145883779706,0.12336401058087927,0.12482390405171918,0.12400634591286666,0.024526483649525803,0.02851291076207848,0.027028917080599495,0.026529796890370574,0.030049534850724365,0.028730501508804605
3000,0.0,1.6823866367340088,0.0013094296559346176,66298737558301.78,5.4997928108771466e-05,0.0011569257799411196,54999560979056.55,5.4665178195132375e-05,0.00023888394990390335,22559218912077.586,9.169106917264899e-06,0.11919587789621884,0.11912693549543521,0.11879788680668552,0.12409230366481465,0.12486076914670714,0.1243306544445356,0.023341263350385683,0.026162392821851493,0.02455314338532373,0.02457811085042753,0.02694323790077397,0.025180394405541724
3500,0.0,2.1846840381622314,0.0013103465673831472,65907070104901.41,5.460705109381425e-05,0.001006190738129334,51773013010938.94,5.1485026918497954e-05,0.00010987731457597993,21346250527549.09,7.5550599183739485e-06,0.12112645122602214,0.12095340919759123,0.12070076385343509,0.12298629763626728,0.12415856148876807,0.12354917743187356,0.022266272473977514,0.024736269374606348,0.023043980864859506,0.022718256125696924,0.02475944338994644,0.023340518190191697
4000,0.0,2.740715742111206,0.001215744370428252,60449545996750.07,5.18471112005119e-05,0.0011414930814056486,53390276269203.82,5.522194668935144e-05,0.000121868376089668,16925913403425.73,6.66097188058376e-06,0.12149062694764359,0.12115920947129513,0.12099815101666118,0.12285927441901344,0.1240413707458724,0.12359962929086805,0.019365357087145568,0.022040041509352945,0.021034034466586943,0.019969641720820882,0.02204392368388499,0.021367536084990556
4500,0.0,3.3789751529693604,0.0012967160518480697,62492000509742.99,5.4110631955979295e-05,0.0011128021169112207,51715426336954.41,5.437281893319744e-05,8.681444298203448e-05,12700955854883.594,5.099702863916011e-06,0.12145858049598203,0.12127079577880452,0.1211098232888632,0.12244417788686088,0.12403869716319625,0.12325614794242057,0.01826728080899178,0.020863072892243845,0.01871249485494583,0.01907922467242228,0.021270736078054974,0.019667388963702216
5000,0.0,4.109362602233887,0.001359027106978811,66881792752838.46,5.690687622561814e-05,0.0011341372736396892,52359521392058.96,5.565820972473898e-05,6.773186677454445e-05,9988229032006.748,3.8408133044681506e-06,0.1222333373774336,0.12211764151222576,0.12194928196785065,0.12044330042776578,0.12128335972700947,0.12087450442475574,0.017912677567879877,0.019710003479567167,0.018566970855092825,0.019050863513769212,0.020896906367501158,0.019868463793177676
5500,0.0,4.885252952575684,0.0013823027359810961,66917792062272.125,5.785621566157085e-05,0.0011316101812153595,49439601454490.0,5.452614799459665e-05,7.974987393199357e-05,7951071422590.033,3.5469664264970547e-06,0.12205601031628945,0.12204026108705177,0.12179561030846897,0.12039873023476627,0.12109167094664004,0.1206946328515873,0.017171163167256177,0.019137342052422488,0.017344617049942335,0.019037269431689496,0.02045340916251124,0.01869900236733899
6000,0.0,5.801583528518677,0.0013154328030236275,63067597930432.664,5.565890602991011e-05,0.0012428421185768893,55054695201846.24,5.86236750155442e-05,8.882822432581979e-05,7499635455050.68,3.8127795392033855e-06,0.12129540534481877,0.12117722864350106,0.12100761630844331,0.11967925928200308,0.12031261783221338,0.12002143034543371,0.016287828991375066,0.018281743205387096,0.017033338205268356,0.01901126098090897,0.020178059678365317,0.01938713365838244
6500,0.0,6.747175931930542,0.0012781642376090245,60783015179461.42,5.447765544939249e-05,0.0012518564032534532,57426919397109.41,5.912013768199228e-05,0.00015890238620232535,14113971215055.3,6.152719810973654e-06,0.12147399555506473,0.12135273971362631,0.12122214750920816,0.11990581072679132,0.1206893455577506,0.1202211802270635,0.016889347878799726,0.018449095717913325,0.017434751446170654,0.018774147567952235,0.020565987389565173,0.019336472199990157
7000,0.0,7.8166491985321045,0.0012594028848514002,58328606757944.77,5.328753207427246e-05,0.0012550996077429514,57843453854670.46,5.8394622046439976e-05,0.00022789422317573527,18068146192710.207,7.494142900008066e-06,0.12105846260578054,0.12094205964967805,0.12082023919543637,0.11902564535142827,0.11968725760544437,0.11939087471149853,0.01696931771473919,0.018606279594540726,0.017305006559922696,0.018917253160619256,0.020457073938533504,0.019471704361687298
7500,0.0,8.911817073822021,0.0012601833326176736,57821679643635.336,5.3539693921606215e-05,0.00121920312619287,53103411278701.586,5.6770380573607845e-05,0.00020393288462741842,13335736350599.053,6.412755111259644e-06,0.1209737581019916,0.12085723730997773,0.12073515601254152,0.11917284305932228,0.11971117961617629,0.11955764022732232,0.01688441432469905,0.018091718897015108,0.017161895281867425,0.018958294332759144,0.019789999173138638,0.019259857337148637
8000,0.0,9.94094204902649,0.001279687344986178,58571487768334.37,5.4610983345130205e-05,0.001188281804115102,51672560513494.43,5.5652590782746815e-05,0.00015123912267840005,11092768529845.088,5.175954605664768e-06,0.12138880727519859,0.1212947283977584,0.12118602520874111,0.1192731222317831,0.1198615607661482,0.11963058460661433,0.01688765987486795,0.01820343921395572,0.017068521808577472,0.018886387590333314,0.019742355520171583,0.01933104645034394
8500,0.0,11.100219488143921,0.0013330773288139817,60615597156976.79,5.601654687349052e-05,0.0011617948446033324,51772356060599.51,5.431658548196389e-05,0.00013076044883964536,9953559702843.783,4.028712562025846e-06,0.1215778767256188,0.12153481847382601,0.12138828276817464,0.11912137252755128,0.11948062724217709,0.11929667480758166,0.01675080566801659,0.017718014253506775,0.016540089095161373,0.018590617605133062,0.019254022261877318,0.01839298355129849
9000,0.0,12.396363735198975,0.0013448295323988072,61078795573428.89,5.6209267804428695e-05,0.0011320426136387438,49996586783659.9,5.2893438474739756e-05,0.00011913064073780699,7860003910050.689,3.5267386815859944e-06,0.12117468515079374,0.12109817959041695,0.12098689312960954,0.11950646846654257,0.11997438612827166,0.11973561376777797,0.016691230734759137,0.0175678481594017,0.016530422403131007,0.01840735365190414,0.019196989457113733,0.018305538740778875
9500,0.0,13.635581493377686,0.0013354295596085329,60404005079389.6,5.576848301643127e-05,0.0011222236291096835,49461811339058.914,5.245942113855939e-05,0.00011286775779714078,7793343186492.064,3.4084929265411033e-06,0.12138689806878572,0.12128088611893006,0.12119409584845794,0.12012077985228342,0.12045519696023806,0.12025501740083329,0.016096426432311194,0.017342439501823903,0.01613324435813268,0.01773635131044183,0.018902863276564503,0.01778932683173648
10000,0.0,14.943521738052368,0.001343586263860571,60640249465660.13,5.606394965280408e-05,0.0010980043612346287,48556488052270.26,5.144695780710209e-05,0.00011262310507299064,7155971670645.226,3.609595900054717e-06,0.12107368642592468,0.12096596588861751,0.1208976640187466,0.12014861700395024,0.1206389686831461,0.12031253362673719,0.015551818267263144,0.016772352766295448,0.015779320334724997,0.01748893976266788,0.018579725386586483,0.017749720078837707
10500,0.0,16.616687774658203,0.0013248642909758814,59765184823793.93,5.5715144462599534e-05,0.0010666007805519748,46927523005797.89,5.0443787601735795e-05,9.237500903589863e-05,7006676930939.971,3.421726420489409e-06,0.12105786992186707,0.12094645675938619,0.12087252206547598,0.1203534770794244,0.12075484545002003,0.12062058165769178,0.014981421102749101,0.016120834409290453,0.015403873337349997,0.016880358430832274,0.017903879438700334,0.017393520157985686
11000,0.0,18.235838890075684,0.0013135039859491803,59172006562250.01,5.55528468447883e-05,0.0013202142730264104,67076655148605.58,5.8017700426771233e-05,0.00011977753063875822,10311864716384.244,4.573608062812428e-06,0.1211117589983717,0.12099199755639745,0.1209143207364964,0.12086841666994469,0.12126334576276741,0.12112044945413526,0.014374374365476497,0.015686091162854056,0.01482909032109422,0.01648603332260532,0.01756472649931876,0.017056526370030183
11500,0.0,20.07527256011963,0.0013802024470253114,62906476326723.06,5.753171318626081e-05,0.0013018700390945263,65575300047103.76,5.6876908089350944e-05,0.00011671968914308872,9607185118879.33,3.945183470832635e-06,0.1210432706216236,0.12094273511460399,0.12085204875855352,0.12121272293176039,0.12165420318031811,0.12147220642254648,0.014207524409138743,0.015190436356114593,0.014493568193494372,0.016262414135641858,0.01694631528333529,0.016626324758636173
12000,0.0,21.63968777656555,0.0013675185679713924,61650032975620.0,5.696601436785557e-05,0.0012824130035862609,63500824850913.7,5.554305630530607e-05,0.00012684904483087445,9502174719691.46,3.842250730161048e-06,0.12102558216886242,0.12092571502260258,0.12084675736178349,0.12041407050066485,0.12097791873519746,0.12066627287606879,0.013820039560753202,0.015119920647009403,0.014249035365594647,0.016204042655066645,0.016960335955626363,0.016384645451810027
12500,0.0,23.46609926223755,0.0013647266005574776,61471789092769.98,5.718807667973661e-05,0.0012941491417224628,64364877574868.64,5.646324534442931e-05,0.0001167552795998592,9061030187434.105,3.702512565742554e-06,0.12102771466885433,0.12091995445065622,0.1208558685949584,0.1198688781729628,0.12037801207945788,0.12004088988127544,0.014173077225304946,0.01541149651159541,0.014338696419056154,0.016069616257895762,0.01705785918470888,0.016210320747814467
13000,0.0,25.639217138290405,0.001345028341292393,59410502822447.32,5.6696697377994355e-05,0.001275184554880458,61078730826440.234,5.6208699629287956e-05,9.950221441305107e-05,6902844795045.762,3.3674346058730337e-06,0.1211489249143518,0.12102678751947415,0.12097275568977023,0.1199303161732463,0.1203427352012237,0.1201941322153574,0.013544712384963421,0.01478697186529038,0.013984652349037573,0.01576769773939024,0.016791686387224912,0.015905216893898566
13500,0.0,27.811849117279053,0.0013402762282332702,59259706635274.31,5.6569848496639134e-05,0.0012895037699132297,61897963740863.484,5.6254078389408145e-05,0.00012175641424482713,8249094957245.99,3.874262438657741e-06,0.12136905071499032,0.12126855827626928,0.12121112705502077,0.12003838673739937,0.12045563278769522,0.12027445895827739,0.013342274431816143,0.014447187263302097,0.013754995399183553,0.01597167900864475,0.016619727940294975,0.016302049015225025
14000,0.0,29.404317140579224,0.0013375844792717603,59300091485455.1,5.643886666803178e-05,0.0013278458612285195,63586382755931.02,5.770946682107687e-05,0.0001254106813415947,8858634906665.047,3.7415978725521713e-06,0.12138031144955724,0.1212947551746373,0.12123664136319386,0.1210014724539231,0.1214303159178911,0.12120113632501492,0.013088331844474018,0.014337654640337944,0.013572213052449,0.0156610937924468,0.01650167743660368,0.015942667061312376
14500,0.0,31.66588521003723,0.0013495594369766636,59374378791500.625,5.688698049585415e-05,0.0013496892087415664,64904265465890.99,5.8888994549031315e-05,0.0001240469649340842,8975637362265.223,3.826901449565119e-06,0.12137625443400009,0.12130301531660581,0.12125451370888415,0.1215408245031989,0.12197323989697756,0.1217884086261977,0.01325103866379869,0.01455182129959801,0.013863074135606737,0.015462646323917166,0.0164401433599254,0.01597053918659944
15000,0.0,34.02972674369812,0.001343853533646104,58637252262444.61,5.6574084133812666e-05,0.0013493517076164398,65431387492002.06,5.8723440058861983e-05,0.00012419041789289977,9152239726369.48,3.736125138795344e-06,0.12121877869751971,0.12114708224158496,0.1210976809244732,0.1213103117895817,0.12167450734911954,0.12148860856253332,0.013179480354791872,0.014306046413899915,0.013516457301894415,0.01579404541723583,0.01650944220506965,0.015973951139446274
15500,0.0,35.906880140304565,0.0013380124259921007,58624375310031.25,5.650662567547881e-05,0.0013537336156130408,64378810858914.69,5.8926515900138396e-05,0.0001186437841317646,8309936174318.264,3.5877147105052024e-06,0.12141574920457555,0.12133202825236693,0.12127876703803067,0.12174507191403888,0.12206465222755149,0.12189407738767333,0.013196540865974122,0.013973543455050185,0.013388563755611376,0.015589004759906867,0.016123381148232432,0.01570782249848942
16000,0.0,41.27787494659424,0.0013252900301296414,57536890258074.81,5.6135393682414864e-05,0.001360961617992325,63293536877466.48,5.9258604804545564e-05,0.00011428764096848232,7053969506630.246,3.5353652208961834e-06,0.1214435456221645,0.1213391559809198,0.12128949950622965,0.12223014356397678,0.12248058182975155,0.12235070082246598,0.013111834379787845,0.013895887411082317,0.013581381372575944,0.015622153013082112,0.01614450919027749,0.015969467924869193
16500,0.0,41.25156116485596,0.0013234992134941485,57208561900605.63,5.619272613172186e-05,0.001371014539294954,64281827370475.13,5.999222588009629e-05,0.00011169028931578423,7107101765195.542,3.578473397281474e-06,0.12154065133414267,0.12145194836086304,0.12138133518458998,0.12199680810601311,0.12224925596902324,0.12206748252644223,0.012750764380438762,0.013494727215917563,0.013268674855240378,0.015493393571568339,0.01578197892498869,0.015629862093348264
17000,0.0,43.42324948310852,0.0013240564064925721,57143525496067.56,5.626633753202976e-05,0.0013669224443018902,63519149028297.664,5.9769868637161674e-05,0.00011352189895801843,7056605382344.497,3.5111290628658573e-06,0.1214960375147909,0.1214078501718574,0.12135609197402579,0.12214712037204492,0.12239146323472591,0.1222402176661747,0.0127274171977897,0.013524225974604679,0.013127706631868265,0.015548425394379319,0.015693708514095125,0.015528551595234977
17500,0.0,50.73559260368347,0.0013087423590952096,56391086654754.93,5.566596245969948e-05,0.0013678680217641857,62888184900370.984,5.951038797473698e-05,0.0001326726336728018,7990837569939.037,3.971190874809602e-06,0.12140247413478729,0.1213184364239594,0.12125958207216873,0.12203966408925566,0.1222786177428249,0.12219021801947653,0.012430548130573503,0.013446880911961733,0.013261059832665952,0.015455672899021167,0.01574381782545938,0.015812392772027877
18000,0.0,79.81386685371399,0.0013879296062334558,61410709863490.43,5.7709907123436275e-05,0.001363422682083322,62520160918291.18,5.9700318347174855e-05,0.0001252181180067113,7563820081613.901,4.028138657178612e-06,0.12161418870928921,0.12153327216493004,0.12147893326896242,0.12232063926827477,0.12254598022623743,0.12246129837357596,0.012159885769959035,0.012858201152763317,0.012614031960923247,0.015111165163914518,0.015218552828594701,0.01530889641470416
18500,0.0,85.24187278747559,0.0013793724927921333,61212948094187.17,5.7454135466012955e-05,0.0013584658269097504,62620528367896.15,6.0066281090887766e-05,0.00011574828629502724,7256335576948.397,3.852793713368773e-06,0.12162856003237792,0.12155732422157084,0.12149315528975382,0.12237447471617102,0.12264359645738344,0.12257025105804105,0.01197750379164328,0.012567469758955514,0.012359520920490148,0.014850388425593011,0.014849106592593862,0.01490105168178413
19000,0.0,89.92927289009094,0.001361551563367357,60221141344119.52,5.696610530427118e-05,0.0014100983419685369,66157062249457.74,6.113459677964545e-05,0.0001331281187848067,8317277739356.374,4.265016149457139e-06,0.12164027717917057,0.1215620899717087,0.12150378039072822,0.12244775291652049,0.12265837537985894,0.12258258895966456,0.011397593913493542,0.012240919034918198,0.011999260164509336,0.014401693630899931,0.014618819515302299,0.014676350559205784
19500,0.0,93.9038667678833,0.0013538735751776917,59704633530763.516,5.66284380503614e-05,0.001388661234528607,65476572196584.09,6.044664756549085e-05,0.00012541157610894464,7978288474443.94,4.038021720145523e-06,0.12152286469390637,0.12143590318321544,0.12139130640198166,0.12240557949374847,0.12267237824456517,0.12258261302545198,0.01095121115128578,0.012100312989860716,0.011789558162694617,0.014049571291468154,0.014418746442225822,0.014477616257646798
20000,0.0,98.81710433959961,0.0013586061371421742,60106320665473.02,5.67496847235748e-05,0.0013834917178609993,65507925065398.45,6.012926793436616e-05,0.00011732093821637707,7652721639466.724,3.514520669000437e-06,0.12163406417802312,0.12155756250923619,0.12150783947337718,0.12242669877810831,0.122692456243974,0.12253994351339909,0.010832035028784185,0.012097350112771807,0.011628684372825117,0.014137467314000554,0.014573774010108705,0.01450558796493739
